{"name":"21c1209a-17fa-4be0-8a37-348938e936dd","id":"/providers/Microsoft.Flow/flows/21c1209a-17fa-4be0-8a37-348938e936dd","type":"Microsoft.Flow/flows","properties":{"apiId":"/providers/Microsoft.PowerApps/apis/shared_logicflows","displayName":"Document Capture - Pdf Reprocessing","definition":{"metadata":{"workflowEntityId":null,"processAdvisorMetadata":null,"flowclientsuspensionreason":"None","flowclientsuspensiontime":null,"flowclientsuspensionreasondetails":null,"creator":{"id":"c2ade3b7-04f4-49aa-ac1d-16ba1d8301f5","type":"User","tenantId":"2f0cd012-8983-4de7-8444-c5f48d76c2bb"},"provisioningMethod":"FromDefinition","failureAlertSubscription":true,"clientLastModifiedTime":"2022-09-07T15:24:21.5959066Z"},"$schema":"https://schema.management.azure.com/providers/Microsoft.Logic/schemas/2016-06-01/workflowdefinition.json#","contentVersion":"1.0.0.0","parameters":{"$connections":{"defaultValue":{},"type":"Object"},"$authentication":{"defaultValue":{},"type":"SecureObject"}},"triggers":{"manual":{"metadata":{"operationMetadataId":"68112c5e-8108-4c20-a4d2-4c039da8bc23"},"type":"Request","kind":"Http","inputs":{"schema":{"user":"email address of user","tenant":"64890deb-e43d-45b3-bb33-2840d3314b6a","dcdocumentno":"D0000100","pdf":"base64 encoded pdf from Document Capture app","mail":"base64 encoded eml mail from Document Capture [Not used yet]","ocrmailaddress":"cloudocr-mail-address@some-continia-domain.com"},"method":"POST"}}},"actions":{"CreatePdfFileStructure":{"runAfter":{"Parse_JSON":["Succeeded"]},"metadata":{"operationMetadataId":"1c093a99-e989-427e-9a35-4b9b58ff686b"},"type":"Compose","inputs":{"$content-type":"application/pdf","$content":"@body('Parse_JSON')?['pdf']"}},"Parse_JSON":{"runAfter":{},"metadata":{"operationMetadataId":"6f54e13c-4aed-4cf4-a8a4-3ab74dab0d6f"},"type":"ParseJson","inputs":{"content":"@triggerBody()","schema":{"type":"object","properties":{"user":{"type":"string"},"tenant":{"type":"string"},"dcdocumentno":{"type":"string"},"pdf":{"type":"string"},"mail":{"type":"string"},"ocrmailaddress":{"type":"string"}}}}},"Send_an_email_with_new_PDF_to_Cloud_OCR":{"runAfter":{"Convert_TIFF_to_PDF":["Succeeded"]},"metadata":{"operationMetadataId":"69823c72-d6eb-444b-ae6e-e9deb49cd67e"},"type":"OpenApiConnection","inputs":{"host":{"apiId":"/providers/Microsoft.PowerApps/apis/shared_office365","connectionName":"shared_office365","operationId":"SendEmailV2"},"parameters":{"emailMessage/To":"@body('Parse_JSON')?['ocrmailaddress']","emailMessage/Subject":"Reprocessed Pdf from @{body('Parse_JSON')?['dcdocumentno']}","emailMessage/Body":"<p>This is a reprocessed pdf document that has been received via Document @{body('Parse_JSON')?['dcdocumentno']}</p>","emailMessage/Attachments":[{"Name":"@outputs('Convert_TIFF_to_PDF')?['body/Filename']","ContentBytes":"@outputs('Convert_TIFF_to_PDF')?['body/FileContent']"}],"emailMessage/Importance":"Normal"},"authentication":"@parameters('$authentication')"}},"Convert_PDF_to_TIFF_(graphic_copy_of_pdf)":{"runAfter":{"CreatePdfFileStructure":["Succeeded"]},"metadata":{"operationMetadataId":"364ed669-cb9b-47e3-a1a4-3ceb340310b1"},"type":"OpenApiConnection","inputs":{"host":{"apiId":"/providers/Microsoft.PowerApps/apis/shared_encodiandocumentmanager","connectionName":"shared_encodiandocumentmanager","operationId":"ConvertPdfToTiff"},"parameters":{"operation/fileContent":"@outputs('CreatePdfFileStructure')","operation/outputFilename":"pdfastiff.tiff","operation/resolution":300,"operation/tiffCompression":"LZW","operation/pageOrientation":"Inherit","operation/skipBlankPages":false},"authentication":"@parameters('$authentication')"}},"Convert_TIFF_to_PDF":{"runAfter":{"Convert_PDF_to_TIFF_(graphic_copy_of_pdf)":["Succeeded"]},"metadata":{"operationMetadataId":"299dac28-53e8-4b89-b392-ca68fb5ba523"},"type":"OpenApiConnection","inputs":{"host":{"apiId":"/providers/Microsoft.PowerApps/apis/shared_encodiandocumentmanager","connectionName":"shared_encodiandocumentmanager","operationId":"BasicConversion"},"parameters":{"conversion/FileName":"@outputs('Convert_PDF_to_TIFF_(graphic_copy_of_pdf)')?['body/Filename']","conversion/fileContent":"@outputs('Convert_PDF_to_TIFF_(graphic_copy_of_pdf)')?['body/FileContent']","conversion/outputFilename":"tiffaspdf.pdf","conversion/removeDocumentMarkup":true,"conversion/pdfaCompliance":false,"conversion/pdfaComplianceLevel":"PDF_A_2A","conversion/GenerateBookmarks":true,"conversion/CultureName":"en-US","conversion/FinalOperation":true},"authentication":"@parameters('$authentication')"}}},"outputs":{}},"connectionReferences":{"shared_office365":{"connectionName":"shared-office365-6ca74bf0-f292-4e67-908d-3e66bc98bc92","source":"Embedded","id":"/providers/Microsoft.PowerApps/apis/shared_office365","tier":"NotSpecified"},"shared_encodiandocumentmanager":{"connectionName":"shared-encodiandocum-aed47232-8cdd-48b6-bc94-25ccc35dc104","source":"Embedded","id":"/providers/Microsoft.PowerApps/apis/shared_encodiandocumentmanager","tier":"NotSpecified"}},"flowFailureAlertSubscribed":false,"isManaged":false}}